Title,Cleaned_Content,Publication_Date,Source_URL,Category
"Some on-air claims about Dominion Voting Systems were false, Fox News acknowledges in statement after deal is announced",,"Wed, 19 Apr 2023 12:44:51 GMT",https://www.cnn.com/business/live-news/fox-news-dominion-trial-04-18-23/index.html,Others
Dominion still has pending lawsuits against election deniers such as Rudy Giuliani and Sidney Powell,,,https://www.cnn.com/business/live-news/fox-news-dominion-trial-04-18-23/h_8d51e3ae2714edaa0dace837305d03b8,Others
Here are the 20 specific Fox broadcasts and tweets Dominion says were defamatory,"• Fox-Dominion trial delay 'is not unusual,' judge says • Fox News' defamation battle isn't stopping Trump's election lies","Mon, 17 Apr 2023 16:01:11 GMT",https://www.cnn.com/2023/04/17/media/dominion-fox-news-allegations/index.html,Others
Judge in Fox News-Dominion defamation trial: 'The parties have resolved their case',The judge just announced in court that a settlement has been reached in the historic defamation case between Fox News and Dominion Voting Systems.,"Wed, 19 Apr 2023 08:28:17 GMT",https://www.cnn.com/2023/04/18/media/fox-dominion-settlement/index.html,Others
'Difficult to say with a straight face': Tapper reacts to Fox News' statement on settlement,"A settlement has been reached in Dominion Voting Systems' defamation case against Fox News, the judge for the case announced. The network will pay more than $787 million to Dominion, a lawyer for the company said.","Tue, 18 Apr 2023 21:17:44 GMT",https://www.cnn.com/videos/politics/2023/04/18/jake-tapper-dominion-lawsuit-settlement-fox-news-statement-lead-vpx.cnn,Others
Millions in the US could face massive consequences unless McCarthy can navigate out of a debt trap he set for Biden,"• DeSantis goes to Washington, a place he once despised, looking for support to take on Trump • Opinion: For the GOP to win, it must ditch Trump • Chris Christie mulling 2024 White House bid • Analysis: The fire next time has begun burning in Tennessee","Tue, 18 Apr 2023 20:34:45 GMT",https://www.cnn.com/2023/04/18/politics/mccarthy-biden-debt-ceiling/index.html,Others
White homeowner accused of shooting a Black teen who rang his doorbell turns himself in to face criminal charges,"• 'A major part of Ralph died': Aunt of teen shot after ringing wrong doorbell speaks • 20-year-old woman shot after friend turned into the wrong driveway in upstate New York, officials say","Wed, 19 Apr 2023 04:29:05 GMT",https://www.cnn.com/2023/04/18/us/kansas-city-ralph-yarl-shooting-tuesday/index.html,Others
Newly released video shows scene of Jeremy Renner's snowplow accident,"Newly released body camera footage shows firefighters and sheriff's deputies rushing to help actor Jeremy Renner after a near-fatal snowplow accident in January. The ""Avengers"" actor broke more than 30 bones and suffered other severe injuries. CNN's Chloe Melas has more.","Tue, 18 Apr 2023 14:09:43 GMT",https://www.cnn.com/videos/us/2023/04/18/jeremy-renner-snowplow-accident-bodycam-nc-melas-contd-vpx.cnn,Others
Jake Gyllenhaal and Jamie Lee Curtis spent the Covid-19 lockdown together,It's sourdough bread and handstands for Jake Gyllenhaal and Jamie Lee Curtis.,"Tue, 18 Apr 2023 14:40:32 GMT",https://www.cnn.com/2023/04/18/entertainment/jake-gyllenhaal-jamie-lee-curtis-pandemic-living/index.html,Others
"Toddler crawls through White House fence, prompts Secret Service response","A tiny intruder infiltrated White House grounds Tuesday, prompting a swift response from the US Secret Service.","Tue, 18 Apr 2023 17:38:16 GMT",https://www.cnn.com/2023/04/18/politics/white-house-toddler/index.html,Others
Jamie Foxx remains hospitalized nearly a week after 'medical complication',"Jamie Foxx remains hospitalized in Georgia nearly a week after his daughter revealed the actor experienced a ""medical complication,"" a source with knowledge of the matter told CNN on Monday.","Tue, 18 Apr 2023 00:27:07 GMT",https://www.cnn.com/2023/04/17/entertainment/jamie-foxx-remains-hospitalized/index.html,Others
A 13-year-old dies after participating in a Benadryl TikTok 'challenge',"A 13-year-old in Ohio has died after ""he took a bunch of Benadryl,"" trying a dangerous TikTok challenge that's circulating online, according to a CNN affiliate and a GoFundMe account from his family.","Wed, 19 Apr 2023 15:01:06 GMT",https://www.cnn.com/2023/04/18/us/benadryl-tiktok-challenge-teen-death-wellness/index.html,Others
See pizza delivery guy take out suspect fleeing police,"Pizza guy delivers more than a pie, taking out a fleeing suspect. CNN's Jeanne Moos shows him putting his best foot forward.","Tue, 18 Apr 2023 16:40:22 GMT",https://www.cnn.com/videos/us/2023/04/18/pizza-guy-trips-perp-moos-cprog-orig-bdk.cnn,Others
Netflix is winding down its DVD business after 25 years,Netflix is officially winding down the business that helped make it a household name.,"Tue, 18 Apr 2023 20:10:51 GMT",https://www.cnn.com/2023/04/18/media/netflix-dvd-red-envelopes/index.html,Others
FTC chair Lina Khan warns AI could 'turbocharge' fraud and scams,"Artificial intelligence tools such as ChatGPT could lead to a ""turbocharging"" of consumer harms including fraud and scams, and the US government has substantial authority to crack down on AI-driven consumer harms under existing law, members of the Federal Trade Commission said Tuesday.","Tue, 18 Apr 2023 17:59:38 GMT",https://www.cnn.com/2023/04/18/tech/lina-khan-ai-warning/index.html,Others
"Eating too much of these foods is driving the rise in type 2 diabetes, study says","Gobbling up too many refined wheat and rice products, along with eating too few whole grains, is fueling the growth of new cases of type 2 diabetes worldwide, according to a new study that models data through 2018.","Mon, 17 Apr 2023 16:02:46 GMT",https://www.cnn.com/2023/04/17/health/rise-type-2-diabetes-global-wellness/index.html,Others
ADHD medication abuse in schools is a 'wake-up call',"At some middle and high schools in the United States, 1 in 4 teens report they've abused prescription stimulants for attention deficit hyperactivity disorder during the year prior, a new study found.","Tue, 25 Apr 2023 17:44:36 GMT",https://www.cnn.com/2023/04/18/health/teen-misuse-adhd-meds-wellness/index.html,Others
Apple CEO was presented with an original Macintosh. See his reaction,CEO Tim Cook personally welcomed customers to the new Apple store in Mumbai as the tech company opens its first retail stores in India. CNN's Vedika Sud reports.,"Tue, 18 Apr 2023 09:17:25 GMT",https://www.cnn.com/videos/tech/2023/04/18/apple-store-mumbai-india-ceo-tim-cook-vedika-sud-ovn-biz-ldn-vpx.cnn,Others
Democrats bash Justice Clarence Thomas but their plan to investigate ethics allegations is unclear,"Senate Democrats railed against Justice Clarence Thomas on Tuesday amid reports that the Supreme Court conservative failed to disclose luxury travel, gifts and a real estate transaction involving a GOP megadonor, but their plan to investigate the conservative jurist remains unclear.","Tue, 18 Apr 2023 20:29:46 GMT",https://www.cnn.com/2023/04/18/politics/clarence-thomas-ethics-democrats/index.html,Others
"Russia is 'going backwards' in equipment and deploying post WWII-era tanks, according to Western officials",• Jailed Wall Street Journal reporter Evan Gershkovich denied detention appeal in Moscow • Putin visits Russian troops at military headquarters in Kherson • Watch moment WSJ journalist appears in Russian court,,https://www.cnn.com/europe/live-news/russia-ukraine-war-news-04-18-23/index.html,Others
Two Russians claiming to be former Wagner commanders admit killing children and civilians in Ukraine,Two Russian men who claim to be former Wagner Group commanders have told a human rights activist that they killed children and civilians during their time in Ukraine.,"Tue, 18 Apr 2023 19:07:52 GMT",https://www.cnn.com/2023/04/17/europe/wagner-commanders-russia-kill-children-intl-hnk/index.html,Others
'My stomach is hurting from laughing': Hear panelist's reaction to DeSantis' threat to Disney,CNN panelists react to Florida Gov. Ron DeSantis floating the idea of building a competing theme park next to Disney World in Orlando.,"Tue, 18 Apr 2023 03:24:56 GMT",https://www.cnn.com/videos/business/2023/04/18/desantis-disney-competition-panel-reax-pt-vpx.cnn,Others
GOP prepared to block vote to replace Feinstein on Senate Judiciary,"Senate Majority Leader Chuck Schumer said on Tuesday that he hopes to replace Democratic Sen. Dianne Feinstein on the Senate Judiciary Committee with Sen. Ben Cardin of Maryland and aims to set up a floor vote on the issue this afternoon, which Republicans are expected to block.","Tue, 18 Apr 2023 22:03:13 GMT",https://www.cnn.com/2023/04/18/politics/schumer-senate-feinstein-vote-cardin/index.html,Others
Oklahoma governor calls on officials to resign over recording of racist and threatening remarks,,"Tue, 18 Apr 2023 17:33:17 GMT",https://www.cnn.com/2023/04/18/us/mccurtain-county-oklahoma-officials-recording/index.html,Others
McCarthy slams Biden in handling of US debt,House Speaker Kevin McCarthy traveled to Wall Street on Monday to deliver a fresh warning that the House GOP majority will refuse to lift a cap on government borrowing unless Biden agrees to spending cuts that would effectively neutralize his domestic agenda.,"Tue, 18 Apr 2023 22:03:01 GMT",https://www.cnn.com/videos/politics/2023/04/18/kevin-mccarthy-wall-street-speech-debt-ceiling-biden-economy-vpx.cnn,Others
US warns Russia not to touch American nuclear technology at Ukrainian nuclear plant,"The US has sensitive nuclear technology at a nuclear power plant inside Ukraine and is warning Russia not to touch it, according to a letter the US Department of Energy sent to Russia's state-owned nuclear energy firm Rosatom last month.","Wed, 19 Apr 2023 08:35:33 GMT",https://www.cnn.com/2023/04/18/politics/us-warns-russia-zaporizhzhia-nuclear-plant/index.html,Others
Repeated gunshots fired on live TV as ex-lawmaker shot by assassins,"Atiq Ahmed, a former lawmaker in India's parliament, convicted of kidnapping, was shot dead along with his brother while police were escorting them for a medical check-up in a slaying caught on live television on Saturday. CNN's Vedika Sud reports.","Tue, 18 Apr 2023 09:41:42 GMT",https://www.cnn.com/videos/world/2023/04/18/india-ex-lawmaker-atiq-ahmed-assassination-sud-pkg-contd-ovn-intl-hnk-vpx.cnn,Others
FDA clears the way for additional bivalent boosters for certain vulnerable individuals,"The U.S. Food and Drug Administration amended the terms of its emergency use authorizations for the Pfizer and Moderna bivalent vaccines on Tuesday, allowing people ages 65 and older and certain people with weakened immunity to get additional doses before this fall's vaccination campaigns.","Tue, 18 Apr 2023 15:09:15 GMT",https://www.cnn.com/2023/04/18/health/fda-bivalent-booster-additional-doses/index.html,Others
Maine authorities detained a person of interest after 4 people were found dead in a home and 3 others shot while driving,"Maine authorities have detained a person of interest and continue to investigate after two shooting incidents that appear to be connected left at least four people dead and three others injured, state police said.","Wed, 19 Apr 2023 01:49:51 GMT",https://www.cnn.com/2023/04/18/us/maine-shooting-bowdoin-yarmouth/index.html,Others
Southwest says flights resumed after delays caused by 'tech issues',• Delta Air Lines reports record bookings for summer travel • Air France and Airbus acquitted in trial over 2009 plane crash,"Tue, 18 Apr 2023 17:15:29 GMT",https://www.cnn.com/travel/article/southwest-airlines-flight-delays/index.html,Others
Damar Hamlin cleared to resume football activities after January cardiac arrest,"Buffalo Bills safety Damar Hamlin, who has been cleared to resume football activities, said Tuesday his cardiac arrest during an NFL game in January was caused by commotio cordis.","Tue, 18 Apr 2023 22:11:37 GMT",https://www.cnn.com/2023/04/18/sport/damar-hamlin-cleared-to-train-nfl-spt-intl/index.html,Others
Pilot makes history after landing on top of a 56-story hotel,Polish pilot Lukasz Czepiela made history after landing a plane on a helipad at the top of a 56-story hotel in Dubai.,"Sun, 19 Mar 2023 11:22:30 GMT",https://www.cnn.com/videos/travel/2023/03/17/pilot-lands-on-dubai-helipad-cprog-orig-aw-ao.cnn,Others
Top US Navy admiral defends non-binary sailor amid some Republican criticism,"The top US Navy admiral ardently defended a non-binary sailor on Tuesday amid some criticism from Republican lawmakers, saying he is ""particularly proud of this sailor.""","Tue, 18 Apr 2023 19:56:40 GMT",https://www.cnn.com/2023/04/18/politics/gilday-defends-non-binary-sailor/index.html,Others
Fulton County DA says fake Trump electors are incriminating one another and wants lawyer disqualified,"The Fulton County District Attorney's office said some fake electors for Donald Trump have implicated each other in potential criminal activity and is seeking to disqualify their lawyer, according to a new court filing.","Wed, 19 Apr 2023 15:31:24 GMT",https://www.cnn.com/2023/04/18/politics/fulton-county-trump-fake-electors/index.html,Others
High speed trains are racing across the world. But not in America,High speed trains have proved their worth across the world over the past 50 years.,"Wed, 19 Apr 2023 02:39:40 GMT",https://www.cnn.com/travel/article/high-speed-rail-us/index.html,Others
Podcast: One country musician is calling for other artists to oppose assault rifles,,,https://www.cnn.com/audio/podcasts/the-assignment/episodes/42a2f0e2-066a-4675-82ff-afe2016a0bb5,Others
Here's what you need to know if you haven't filed your return yet — and even if you have,"It's April 18, the official deadline to file your federal and state income tax returns for 2022. (It is also, apparently, National Animal Crackers Day for those who celebrate.)","Tue, 18 Apr 2023 14:15:43 GMT",https://www.cnn.com/2023/04/18/success/tax-day-2023-file-irs/index.html,Others
"Undocumented immigrants are paying their taxes today, too",It's a surprising fact that's often overlooked in the immigration debate.,"Tue, 18 Apr 2023 18:29:24 GMT",https://www.cnn.com/2023/04/18/us/undocumented-immigrants-taxes-cec/index.html,Others
Opinion: Why millionaires like us want to pay more in taxes,"Tuesday is Tax Day in America, one of the most stressful days of the year, when many taxpayers will finally end their procrastination, file their federal returns, and hope for a refund from the IRS. But for many of the nation's wealthiest, it's just another Tuesday.","Mon, 17 Apr 2023 19:32:49 GMT",https://www.cnn.com/2023/04/17/opinions/us-tax-system-wealthy-disney-pearl/index.html,Others
'World's longest' purpose-built cycling tunnel opens in Norway,"There are many ways to explore the seven mountains that surround the picturesque UNESCO World Heritage city of Bergen on Norway's fjord-studded west coast. The newest, however, might well be record-breaking.","Tue, 18 Apr 2023 10:44:27 GMT",https://www.cnn.com/travel/article/worlds-longest-cycling-tunnel/index.html,Others
Artist rejects photo prize after AI-generated image wins award,A German artist has rejected an award from a prestigious international photography competition after revealing that his submission was generated by Artificial Intelligence (AI).,"Tue, 18 Apr 2023 15:27:54 GMT",https://www.cnn.com/style/article/ai-photo-win-sony-scli-intl/index.html,Others
These ships disappeared in Lake Superior a century ago. Watch as they're found again,"The Great Lakes Shipwreck Historical Society has found two of three ships that sank in the same Lake Superior storm more than a century ago, locating one in 2021 and the other in 2022.","Tue, 18 Apr 2023 19:29:01 GMT",https://www.cnn.com/videos/travel/2023/04/18/century-old-shipwrecks-lake-superior-discovery-contd-orig-zt.cnn,Others
Erotic images of seniors show sex and intimacy in new light,"What does intimacy look like for seniors? There's no end to sex scenes and other steamy content featuring the young and unwrinkled, but past a certain age, popular culture largely draws a blank — or treats sex as a punchline.","Tue, 18 Apr 2023 03:24:57 GMT",https://www.cnn.com/style/article/marilyn-minter-artist-elder-sex/index.html,Others
"China's economy is off to a solid start, rising 4.5% in Q1 2023",China's economy is off to a solid start in 2023 following its emergence from three years of strict pandemic restrictions.,"Tue, 18 Apr 2023 07:01:12 GMT",https://www.cnn.com/2023/04/17/economy/china-gdp-q1-2023-intl-hnk/index.html,Others
"Even when wives make as much as husbands, they still do more at home",• Four out of the five US metro areas with the lowest unemployment are in Florida. Here's why • Opinion: The overlooked problem with raising the retirement age for Social Security,"Sun, 16 Apr 2023 17:29:49 GMT",https://www.cnn.com/2023/04/16/success/husbands-wives-earning-division-of-labor-pew-survey/index.html,Others
McDonald's is upgrading its burgers,"McDonald's, which has been focusing on upgrading its core items to boost sales, is rolling out a series of changes designed to improve its signature burgers.","Mon, 17 Apr 2023 16:31:30 GMT",https://www.cnn.com/2023/04/17/business/mcdonalds-burgers/index.html,Others
Google-parent stock drops on fears it could lose search market share to AI-powered rivals,"Shares of Google-parent Alphabet fell more than 3% in early trading Monday after a report sparked concerns that its core search engine could lose market share to AI-powered rivals, including Microsoft's Bing.","Mon, 17 Apr 2023 15:52:19 GMT",https://www.cnn.com/2023/04/17/tech/google-ai-search-engine-stock-drop/index.html,Others
Bidets save you money and reduce waste — we tested the best options out there,,,https://www.cnn.com/cnn-underscored/reviews/best-bidets?iid=CNNUnderscoredHPcontainer,Others
50+ products to make your life easier and our planet cleaner,,,https://www.cnn.com/cnn-underscored/home/editors-favorite-sustainable-products?iid=CNNUnderscoredHPcontainer,Others
Mother's Day is around the corner. Here are 50+ thoughtful gifts she'll love,,,https://www.cnn.com/cnn-underscored/gifts/best-mothers-day-gifts-2023?iid=CNNUnderscoredHPcontainer,Others
"A head-to-toe guide of how men should dress this spring, and where they should shop",,,https://www.cnn.com/cnn-underscored/fashion/mens-spring-fashion-style-guide?iid=CNNUnderscoredHPcontainer,Others
42 of the most useful travel products you can buy on Amazon,,,https://www.cnn.com/cnn-underscored/travel/amazon-travel-products?iid=CNNUnderscoredHPcontainer,Others
The 7 best high-yield savings accounts of April 2023,,,https://www.cnn.com/cnn-underscored/money/high-yield-savings-accounts?iid=CNNUnderscoredHPcontainer,Others
Taxes are due tomorrow. Here's how to file for an extension,,,https://www.cnn.com/cnn-underscored/money/how-to-file-taxes?iid=CNNUnderscoredHPcontainer,Others
Composting is an easy way to reduce food waste. Here's how to do it,,,https://www.cnn.com/cnn-underscored/home/how-to-compost-at-home?iid=CNNUnderscoredHPcontainer,Others
We stopped using aluminum foil for cooking and you should too. Here's what to use instead,,,https://www.cnn.com/cnn-underscored/reviews/mmmat-silicone-mats?iid=CNNUnderscoredHPcontainer,Others
The beloved Dyson Supersonic hair dryer is at its lowest price ever,,,https://www.cnn.com/cnn-underscored/deals/dyson-supersonic-sale-2023-04-17?iid=CNNUnderscoredHPcontainer?iid=CNNUnderscoredHPcontainer,Others
"Everything you need to know about Way Day 2023, Wayfair's biggest sale of the year",,,https://www.cnn.com/cnn-underscored/deals/wayfair-way-day-2023-04-17?iid=CNNUnderscoredHPcontainer,Others
The 10 best Amazon deals to shop this week,,,https://www.cnn.com/cnn-underscored/deals/best-amazon-deals-2023-04-12?iid=CNNUnderscoredHPcontainer,Others
Mifepristone saved my life,"The ruling earlier this month by a Texas federal judge to suspend the US Food and Drug Administration's approval of a drug that is used frequently for medication abortions, is very personal for me.","Tue, 18 Apr 2023 11:30:00 GMT",https://www.cnn.com/2023/04/18/opinions/medication-abortion-mifepristone-miscarriage-jones-ctpr/index.html,Others
The 2024 presidential alternative many voters will want,,,https://www.cnn.com/2023/04/18/opinions/2024-presidential-election-alternative-voters-lieberman,Others
Why isn't the House Judiciary Committee looking into Thomas?,"On Monday, the GOP-controlled House Judiciary Committee — chaired by Donald Trump ally Rep. Jim Jordan — is set to hold a field hearing in New York City called ""Victims of Violent Crime in Manhattan."" A statement bills the hearing as an examination of how, the Judiciary Committee says, Manhattan District Attorney Alvin Bragg's policies have ""led to an increase in violent crime and a dangerous community for New York City residents.""","Mon, 17 Apr 2023 11:37:37 GMT",https://www.cnn.com/2023/04/17/opinions/jim-jordan-clarence-thomas-judiciary-committee-obeidallah/index.html,Others
Top secrets come spilling out,"In 1917, British analysts deciphered a coded message the German foreign minister sent to one of his country's diplomats vowing to begin ""unrestricted submarine warfare"" and seeking to win over Mexico with a promise to ""reconquer the lost territory in Texas, New Mexico and Arizona"" if the US entered the world war. When it became public, the Zimmerman Telegram caused a sensation, helping propel the US into the conflict against Germany.","Sun, 16 Apr 2023 11:22:36 GMT",https://www.cnn.com/2023/04/16/opinions/top-secrets-come-spilling-out-opinion-column-galant/index.html,Terrorism
How did Sudan go from casting off despotic rule to this?,"Four years ago, almost to the day, the people of Sudan were celebrating a revolution after overthrowing longtime dictator Omar al-Bashir. Now the East African country faces the possibility of a complete collapse similar to the chaos we see today in Yemen or Libya.","Mon, 17 Apr 2023 22:45:23 GMT",https://www.cnn.com/2023/04/17/opinions/sudan-revolution-to-civil-war-lynch/index.html,Others
Michelle Yeoh set to return in new 'Star Trek' movie,"Live long and prosper, Michelle Yeoh.","Tue, 18 Apr 2023 19:11:23 GMT",https://www.cnn.com/2023/04/18/entertainment/michelle-yeoh-star-trek-section-31/index.html,Others
Recap: 'Succession' finds dark humor in the aftershocks,"After the shock came the aftershocks, the power vacuum, and perhaps most significantly and impressively, the laughs, as ""Succession"" pivoted to face life after Logan Roy, in an episode that finally put the HBO show's title into full flower.","Mon, 17 Apr 2023 02:28:12 GMT",https://www.cnn.com/2023/04/16/entertainment/succession-season-4-episode-4-recap/index.html,Others
"'Yellowjackets' leans hard into '90s music nostalgia, and we're here for it","Of the many dark gifts Showtime's eerie hit series ""Yellowjackets"" serves up for us, the juiciest this season is by far the music.","Mon, 01 May 2023 23:02:04 GMT",https://www.cnn.com/2023/04/14/entertainment/yellowjackets-90s-music/index.html,Others
Jeremy Renner revisits 'the amazing group of people' who helped him recover from his accident,"Jeremy Renner is continuing his recovery after his devastating snowplow accident in January, and recognizing those who've helped him along the way.","Sun, 16 Apr 2023 19:04:10 GMT",https://www.cnn.com/2023/04/16/entertainment/jeremy-renner-update/index.html,Others
Review: 'Barry' takes a whack at its farewell season,"""Barry"" has taken chances from the very beginning, which is certainly true of a fourth and final season that picks up where the third left off, with its hitman-turned-wannabe actor getting arrested. That paves the way for an even darker season that accentuates the show's ensemble aspect while leaning a little too heavily on blurring lines with flights of fancy.","Fri, 14 Apr 2023 12:33:08 GMT",https://www.cnn.com/2023/04/14/entertainment/barry-season-4-review/index.html,Others
Haley takes aim at 'confused' Trump's mental state in video railing against New York court proceedings,"Nikki Haley suggested Donald Trump was 'confused' in a recent video of him railing against E. Jean Carroll, but Trump's campaign hit back, claiming she was trying to ""gaslight"" voters.","Fri, 26 Jan 2024 14:44:10 -0500",https://www.foxnews.com/politics/haley-takes-aim-confused-trump-mental-state-video-railing-new-york-court-proceedings,Others
North Carolina state workers' health plan ending coverage for certain weight-loss drugs,"Weight-loss medications, which have skyrocketed in popularity, have accounted for 10% of overall cost of prescriptions for NC health plan, leading to concerns over cost.","Fri, 26 Jan 2024 14:33:28 -0500",https://www.foxnews.com/politics/north-carolina-state-workers-health-plan-ending-coverage-certain-weight-loss-drugs,Others
Trump slams Senate border package as a ‘gift to the Radical Left Democrats',"Former President Donald Trump is taking aim at an emerging Senate border package, warning Republicans that it won't secure the border and will be a ""gift"" to Dems.","Fri, 26 Jan 2024 14:32:34 -0500",https://www.foxnews.com/politics/trump-slams-senate-border-package-gift-radical-left-democrats,Others
Ex-FBI official who shut down Hunter Biden lines of investigation violated Hatch Act with anti-Trump posts,"EXCLUSIVE: The Justice Department’s Office of Special Counsel determined that a former FBI official violated the Hatch Act in his political posts on social media—the same official whistleblowers warned showed a “pattern of active public partisanship"" that “likely affected"" investigations involving former President Trump and Hunter Biden.","Fri, 26 Jan 2024 14:03:03 -0500",https://www.foxnews.com/politics/ex-fbi-official-shut-down-hunter-biden-lines-investigation-violated-hatch-act-anti-trump-posts,Terrorism
Democratic Rep Ruppersberger resigning from House at end of year,"Rep. Dutch Ruppersberger, D-Md., released a statement Friday announcing his departure from Congress at the end of they year and called on ""thoughtful, end-game representatives"" to step up.","Fri, 26 Jan 2024 13:55:21 -0500",https://www.foxnews.com/politics/democratic-rep-ruppersberger-resigning-house-end-year,Others
Sen. Tillis schools anti-Israel protester on Hamas in hallway confrontation: 'Dictators',"Sen. Thom Tillis, R-N.C., confronted a protester at Dirksen Senate Office, asserting Hamas' responsibility for Palestinian suffering and challenging the claim of their legitimate election in 2006.","Fri, 26 Jan 2024 13:03:08 -0500",https://www.foxnews.com/politics/sen-tillis-schools-anti-israel-protester-on-hamas-in-hallway-confrontation,Terrorism
Texas lawmaker calls for AG Ken Paxton impeachment inquiry to be reopened,Texas state Sen. Drew Springer wants Attorney General Ken Paxton to face renewed impeachment charges in response to Paxton's filing in a whistleblower lawsuit.,"Fri, 26 Jan 2024 12:42:07 -0500",https://www.foxnews.com/politics/texas-lawmaker-calls-ag-ken-paxton-impeachment-inquiry-reopened,Others
GA Senate launches committee to probe Trump prosecutor Fani Willis for 'improper' affair,Georgia's GOP-controlled state Senate on Friday voted to form a special committee to investigate Fulton County District Attorney Fani Willis.,"Fri, 26 Jan 2024 12:24:48 -0500",https://www.foxnews.com/politics/ga-senate-launches-committee-probe-trump-prosecutor-fani-willis-improper-affair,Others
Biden's approval rating lowest for third-year president since Carter,"President Biden's average job approval rating has fallen for the third year in a row, now lower than any other president since Jimmy Carter, according to Gallup.","Fri, 26 Jan 2024 12:19:14 -0500",https://www.foxnews.com/politics/bidens-approval-rating-lowest-third-year-president-since-carter,Others
Eric Swalwell calls out soft-on-crime prosecutors for letting 'dangerous people threaten our kids',"Rep. Eric Swalwell set his sights on soft-on-crime prosecutors, saying their actions threaten kids. The California lawmaker's thoughts deviate from other Democrats.","Fri, 26 Jan 2024 12:12:48 -0500",https://www.foxnews.com/politics/eric-swalwell-calls-out-soft-on-crime-prosecutors-for-letting-dangerous-people-threaten-our-kids,Others
"GOP lawmaker moves to defund ‘sanctuary’ cities, slams ‘hypocrisy’ as they seek federal aid for migrant crisis","Rep. August Pfluger, R-Texas, is introducing legislation that would strip grant funding from sanctuary cities as the country deals with a historic migrant crisis.","Fri, 26 Jan 2024 12:11:17 -0500",https://www.foxnews.com/politics/gop-lawmaker-moves-defund-sanctuary-cities-slams-hypocrisy-they-seek-federal-aid-migrant-crisis,Others
House GOP leaders eye Democrats for help on $80 billion tax bill as Republicans defect,"Congress rolled out a bipartisan, bicameral $78 billion tax policy bill earlier this week, and it's already hit speed bumps before House lawmakers are even back in D.C.","Fri, 26 Jan 2024 11:23:45 -0500",https://www.foxnews.com/politics/house-gop-leaders-eye-democrats-help-80b-tax-bill-republicans-defect,Others
Minnesota lawmakers initiate debate on physician-assisted suicide bill,"The Minnesota Legislature initiated discussions on physician-assisted suicide, with a House health committee holding a hearing before the formal legislative session.","Fri, 26 Jan 2024 11:03:00 -0500",https://www.foxnews.com/politics/minnesota-lawmakers-initiate-debate-physician-assisted-suicide-bill,Others
Speaker Johnson says House will vote on impeaching Mayorkas 'as soon as possible',House Speaker Mike Johnson signaled to colleagues that he wants to move quickly on the impeachment process of Homeland Security Secretary Alejandro Mayorkas.,"Fri, 26 Jan 2024 10:00:40 -0500",https://www.foxnews.com/politics/speaker-johnson-says-house-vote-impeaching-mayorkas-soon-possible,Others
Dozens of Senate Republicans warn Biden's latest war on energy empowers America's enemies,"FIRST ON FOX: A group of 25 Republicans in the Senate blasted the Biden administration for taking action to restrict U.S. natural gas exports, a move they say empowers Russia.","Fri, 26 Jan 2024 09:58:36 -0500",https://www.foxnews.com/politics/dozens-senate-republicans-warn-bidens-latest-war-energy-empowers-americas-enemies,Others
Delaware governor proposes state budget increase despite predicted revenue decline,"DE Gov. Carney proposed an 8% increase in the state's operating budget for the upcoming fiscal year, due in part to state employee raises, despite a projected revenue decline.","Fri, 26 Jan 2024 09:20:36 -0500",https://www.foxnews.com/politics/delaware-governor-proposes-state-budget-increase-despite-predicted-revenue-decline,Others
Georgia legislators approve bill defining antisemitism in state law,"In solidarity with their Jewish constituents, Georgia lawmakers passed a bill that would define antisemitism in state law. Some critics fear the law will suppress dissenting opinions.","Fri, 26 Jan 2024 09:11:51 -0500",https://www.foxnews.com/politics/georgia-legislators-approve-bill-defining-antisemitism-state-law,Others
Trump opposes plan to pressure RNC into making him the GOP's 'presumptive nominee',"Former President Donald Trump does said he does not support RNC efforts to declare him the Republican Party's ""presumptive nominee"" as the primary elections continue.","Fri, 26 Jan 2024 08:53:04 -0500",https://www.foxnews.com/politics/trump-opposes-plan-pressure-rnc-making-gops-presumptive-nominee,Others
Justice Department announces new resources to combat violent crime in DC,"The Justice Department is using new resources to help fight back against the crime crisis exploding in Washington, D.C., including a rise in robberies and carjackings.","Fri, 26 Jan 2024 08:35:46 -0500",https://www.foxnews.com/politics/justice-department-announces-new-resources-combat-violent-crime-dc,Others
West Virginia legislators reject bill to expand law enforcement database of DNA,"WV lawmakers voted against a bill that would have allowed taking DNA from adults arrested on felony charges of violence against someone, burglary or a case involving a minor.","Fri, 26 Jan 2024 08:27:06 -0500",https://www.foxnews.com/politics/west-virginia-legislators-reject-bill-expand-law-enforcement-database-dna,Others
"Senate Commerce Republicans probe Chicago’s migrant shelters at airports, warn of 'illegal immigrant magnet'",Republicans on the Senate Commerce Committee are looking into Chicago's housing of migrants in its airports as it struggles to cope with the numbers coming in.,"Fri, 26 Jan 2024 07:31:34 -0500",https://www.foxnews.com/politics/senate-commerce-republicans-probe-chicagos-migrant-shelters-at-airports-warn-of-illegal-immigrant-magnet,Others
First-ever chief White House diversity advisor leaving Biden administration,"Michael Leach, the first-ever chief of diversity and inclusion for the White House, is leaving his position in President Biden's administration, according to reports.","Fri, 26 Jan 2024 07:14:48 -0500",https://www.foxnews.com/politics/first-ever-chief-white-house-diversity-advisor-leaving-biden-administration,Others
PA Gov. Shapiro to address state's struggling higher education system in upcoming budget proposal,Pennsylvania Gov. Josh Shapiro plans to address the state's struggling higher education system in his upcoming budget proposal by providing aid to universities.,"Fri, 26 Jan 2024 06:51:14 -0500",https://www.foxnews.com/politics/pa-gov-shapiro-address-states-struggling-higher-education-system-upcoming-budget-proposal,Others
White House halts enormous natural gas projects in victory for environmentalists,"The White House announced Friday that it is halting pending liquefied natural gas export terminal projects opposed but environmentalists, but supported by industry.","Fri, 26 Jan 2024 05:00:36 -0500",https://www.foxnews.com/politics/white-house-halts-enormous-natural-gas-projects-victory-environmentalists,Others
Haley unmoved amid growing calls to leave 2024 race and back Trump,"The 2024 Republican primary is in full swing, as former President Donald Trump continues to hold a commanding lead over former South Carolina Gov. Nikki Haley.","Thu, 18 Jan 2024 20:35:33 -0500",https://www.foxnews.com/politics/state-of-the-2024-republican-primary-where-the-race-stands,Others
Xi Jinping celebrates China’s rising power — and his own,President Xi Jinping opened China’s twice-per decade Communist Party Congress on Wednesday hailing the reforms he put in place during his first five-year term and sharing his vision for where he hopes to take the nation. William Brangham reports on the congress as it prepares to announce Xi’s successor and how new leadership may transform China’s role as a global economic partner.,"Wed, 18 Oct 2017 22:35:21 +0000",http://www.pbs.org/newshour/bb/xi-jinping-celebrates-chinas-rising-power/,Others
"The battle for Mosul is over, but this hidden ISIS danger could lurk for years","Iraq may have ousted Islamic States militants from the city of Mosul over the summer, but the major task of finding and destroying the mines, booby traps and bombs remains. A security firm hired by the U.S. and Iraqi workers are making progress to clear major areas, but it could take years or even decades. Special correspondent Marcia Biggs reports on the safety of Mosul after ISIS.","Wed, 18 Oct 2017 22:20:26 +0000",http://www.pbs.org/newshour/bb/battle-mosul-hidden-isis-danger-lurk-years/,Others
"As Rohingya refugees continue to flee from persecution, here’s how you can help","More than 500,000 Rohingya Muslims have fled their homes since August to escape systematic violence at the hands of government soldiers in Myanmar. Here's how you can help.","Wed, 18 Oct 2017 20:58:34 +0000",http://www.pbs.org/newshour/rundown/rohingya-refugees-continue-flee-persecution-heres-can-help/,Others
Tillerson: ‘Heartbreaking’ reports of suffering in Myanmar,"WASHINGTON — Secretary of State Rex Tillerson is condemning reported atrocities committed against Rohingya Muslims in Myanmar, and he says those responsible — perhaps the country's military — will be held accountable.","Wed, 18 Oct 2017 15:36:51 +0000",http://www.pbs.org/newshour/rundown/tillerson-heartbreaking-reports-suffering-myanmar/,Others
Far-right groups gain ground in Sweden and Germany amid migrant influx,"Sunday’s election in Austria brought victory to 31-year-old Sebastian Kurz, who was elected chancellor on an anti-immigrant platform. Earlier, a strengthened far-right party dealt a blow to returning leader Angela Merkel in Germany’s election. As Sweden’s election approaches next year, special correspondent Michael Brabant surveys the changing political landscape in Europe.","Tue, 17 Oct 2017 22:30:37 +0000",http://www.pbs.org/newshour/bb/far-right-groups-gain-ground-sweden-germany-amid-migrant-influx/,Terrorism
U.S.-backed Syrian forces recapture Raqqa from Islamic State group,U.S.-backed Syrian Democratic Forces announced Tuesday that they had captured the city of Raqqa from Islamic State militants.,"Tue, 17 Oct 2017 16:57:20 +0000",http://www.pbs.org/newshour/rundown/u-s-backed-syrian-forces-recapture-raqqa-from-islamic-state-group/,Others
WATCH: Trump and Greek prime minister hold joint news conference,President Donald Trump says the U.S. stands with Greece as they recover from their economic crisis.,"Tue, 17 Oct 2017 16:28:24 +0000",http://www.pbs.org/newshour/rundown/watch-live-trump-and-greek-prime-minister-hold-joint-press-conference/,Others
"U.S., Japan agree to maximize diplomatic pressure on North Korea","TOKYO — U.S. and Japanese diplomats agreed Tuesday to maximize pressure on North Korea to resolve tensions over its nuclear program, while citing the need to be prepared for the worst if diplomacy fails.","Tue, 17 Oct 2017 13:01:05 +0000",http://www.pbs.org/newshour/rundown/u-s-japan-agree-maximize-diplomatic-pressure-north-korea/,Others
News Wrap: Dozens missing after deadly Mogadishu truck bombing,"In our news wrap Monday, more than 300 people are confirmed dead and nearly 400 wounded after Saturday’s massive truck bombing in Somalia’s capital Mogadishu. The government blamed the al-Qaida-linked group al-Shabab. Also, 31-year-old conservative Sebastian Kurz is set to become the Austria’s next leader in another shift to the right in European politics.","Mon, 16 Oct 2017 22:45:17 +0000",http://www.pbs.org/newshour/bb/news-wrap-dozens-missing-deadly-mogadishu-truck-bombing/,Others
Why a power struggle has broken out over Kirkuk,"Two vital American allies have reignited their rivalry in Iraq. After months of simmering tensions, national military forces and militia moved to push Kurdish forces out of the disputed city of Kirkuk. Three weeks ago, the Kurds held a referendum to split from Iraq. Lisa Desjardins reports and Judy Woodruff talks with Emma Sky of Yale University and Feisal Istrabadi of Indiana University.","Mon, 16 Oct 2017 22:40:31 +0000",http://www.pbs.org/newshour/bb/power-struggle-broken-kirkuk/,Others
Rex Tillerson says continue diplomacy with North Korea ‘until first bomb drops’,"That statement comes despite President Donald Trump's tweets a couple of weeks ago that his chief envoy was ""wasting his time"" trying to negotiate with ""Little Rocket Man,"" a mocking nickname Trump has given the nuclear-armed nation's leader, Kim Jong Un.","Mon, 16 Oct 2017 11:08:00 +0000",http://www.pbs.org/newshour/rundown/rex-tillerson-says-continue-diplomacy-north-korea-first-bomb-drops/,Others
"Iraqi, Kurdish forces in standoff, weeks after Kurdish vote for independence","Iraqi army and Kurdish troops are in a standoff in Kirkuk, a city located in the Kurdistan region, which voted for independence from Iraq last month. Kirkuk holds 10 percent of Iraq’s oil reserves. Washington Post reporter Loveday Morris, who is covering the standoff, joins Hari Sreenivasan via Skype from Baghdad.","Sun, 15 Oct 2017 20:33:23 +0000",http://www.pbs.org/newshour/bb/iraqi-kurdish-forces-standoff-weeks-kurdish-vote-independence/,Others
South Sudan civil war causes Africa’s worst refugee crisis,"South Sudan’s four-year civil war has left half of the nation’s population, 6 million people, in need of humanitarian aid and caused one of the world’s worst refugee crises. With support from the U.S. Holocaust Memorial Museum’s Center for the Prevention of Genocide, NewsHour Weekend Special Correspondent Simona Foltyn and journalist Jason Patinkin traveled to Uganda to meet people desperate for asylum.","Sun, 15 Oct 2017 19:26:17 +0000",http://www.pbs.org/newshour/bb/south-sudan-civil-war-causes-africas-worst-refugee-crisis/,Others
Hundreds dead after massive truck bomb strikes Mogadishu,At least 231 people were killed and hundreds more wounded after a massive truck bomb on Saturday struck Somalia's capital city of Mogadishu.,"Sun, 15 Oct 2017 16:27:49 +0000",http://www.pbs.org/newshour/rundown/hundreds-dead-massive-truck-bomb-strikes-mogadishu/,Others
Column: Why reporting from South Sudan is so difficult — and critically needed,"The war has had a devastating impact on South Sudanese communities, but much of it has remained out of the limelight of international media.","Sun, 15 Oct 2017 14:27:40 +0000",http://www.pbs.org/newshour/updates/reporters-notebook-reporting-south-sudan-difficult-critically-needed/,Others
Women take the lead in India’s Republic Day parade,"Every year, the country celebrates the day its constitution came into effect with a grand spectacle.","Fri, 26 Jan 2024 09:05:05 GMT",https://www.bbc.co.uk/news/world-asia-india-68091821?at_medium=RSS&at_campaign=KARANGA,Others
India calls Pakistan's claim of targeted killings 'false',Islamabad on Thursday accused India of killing two of its citizens on its soil in 2023.,"Fri, 26 Jan 2024 07:04:26 GMT",https://www.bbc.co.uk/news/world-asia-india-68091822?at_medium=RSS&at_campaign=KARANGA,Others
Umar Khalid: Indian activist languishes in jail without bail or trial,"Umar Khalid, who was arrested three years ago for alleged involvement in riots, is still waiting for a trial.","Tue, 23 Jan 2024 00:32:22 GMT",https://www.bbc.co.uk/news/world-asia-india-67980484?at_medium=RSS&at_campaign=KARANGA,Terrorism
Adani Ports: The Tamil Nadu villagers taking on a billionaire's port plan,Locals in 100 villages of Tamil Nadu state are fighting the expansion of a port owned by Gautam Adani.,"Wed, 24 Jan 2024 02:39:32 GMT",https://www.bbc.co.uk/news/world-asia-india-67942639?at_medium=RSS&at_campaign=KARANGA,Others
"Bopanna, 43, becomes oldest tennis world number one",Rohan Bopanna becomes the oldest tennis world number one aged 43 after he and Matthew Ebden reach the Australian Open doubles semi-finals.,"Wed, 24 Jan 2024 07:45:59 GMT",https://www.bbc.co.uk/sport/tennis/68078338?at_medium=RSS&at_campaign=KARANGA,Others
Watch: Crowds at India's new Ram temple in Ayodhya day after opening,The grand temple dedicated to the Hindu God Ram was inaugurated by Prime Minister Narendra Modi on Monday.,"Tue, 23 Jan 2024 09:47:15 GMT",https://www.bbc.co.uk/news/world-asia-india-68066261?at_medium=RSS&at_campaign=KARANGA,Others
Ayodhya Ram Mandir: India PM Modi inaugurates Hindu temple on razed Babri mosque site,"The rituals were led by PM Narendra Modi, while opposition leaders and some Hindu seers stayed away.","Mon, 22 Jan 2024 16:00:06 GMT",https://www.bbc.co.uk/news/world-asia-india-68003095?at_medium=RSS&at_campaign=KARANGA,Others
Sony calls off merger with India media giant Zee,Zee considers legal action after Sony ends the planned $10bn merger of the firms' Indian operations.,"Mon, 22 Jan 2024 09:56:59 GMT",https://www.bbc.co.uk/news/business-68054056?at_medium=RSS&at_campaign=KARANGA,Others
Watch: Indian PM Modi inaugurates temple in Ayodhya,The opening of the grand temple comes ahead of India's general elections.,"Mon, 22 Jan 2024 08:06:54 GMT",https://www.bbc.co.uk/news/world-asia-india-68053468?at_medium=RSS&at_campaign=KARANGA,Others
India v Afghanistan: Two super overs as Rohit Sharma hits record century in T20 series win,Captain Rohit Sharma hits a record fifth T20 international century as India secure a 3-0 series win over Afghanistan after two super overs.,"Wed, 17 Jan 2024 18:12:27 GMT",https://www.bbc.co.uk/sport/cricket/68011673?at_medium=RSS&at_campaign=KARANGA,Others
Man locked in SpiceJet plane toilet for over an hour,The passenger got stuck inside the lavatory of a SpiceJet flight after the door malfunctioned mid-journey.,"Wed, 17 Jan 2024 07:32:42 GMT",https://www.bbc.co.uk/news/world-asia-india-68002986?at_medium=RSS&at_campaign=KARANGA,Others
Flight cancellations: Airport chaos angers Indians as fog hits travel,"A man was arrested for slapping a pilot, while others were seen eating food on the Mumbai airport tarmac.","Tue, 16 Jan 2024 11:13:48 GMT",https://www.bbc.co.uk/news/world-asia-india-67978572?at_medium=RSS&at_campaign=KARANGA,Others
"India v England: Relaxed, fit tourists look for series win for the ages","England's record in India is better than most, but merely staying competitive will be a fine achievement, writes Stephan Shemilt.","Wed, 24 Jan 2024 14:52:25 GMT",https://www.bbc.co.uk/sport/cricket/68069988?at_medium=RSS&at_campaign=KARANGA,Others
Ayodhya: Temple to open at India’s religious fault-line,The new temple in Ayodhya has stirred up memories for the community caught up in 1992's violence.,"Sun, 21 Jan 2024 01:50:07 GMT",https://www.bbc.co.uk/news/world-asia-india-68030712?at_medium=RSS&at_campaign=KARANGA,Others
Kashmir's rare snowless winter sets off alarm bells,Experts say that the absence of snowfall this winter will lead to water scarcity and derail the economy.,"Fri, 19 Jan 2024 03:54:53 GMT",https://www.bbc.co.uk/news/world-asia-india-68015106?at_medium=RSS&at_campaign=KARANGA,Others
Lakshadweep: Can India's 'alternative Maldives' handle mass tourism?,Indian PM Modi's recent visit to Lakshadweep could spark a tourist surge - but is the island chain ready?,"Thu, 18 Jan 2024 04:08:29 GMT",https://www.bbc.co.uk/news/world-asia-india-67911165?at_medium=RSS&at_campaign=KARANGA,Others
Gujarat boat capsize victims 'not given life jackets',Parents of students who died after a boat capsized in India's Gujarat state allege negligence by authorities.,"Fri, 19 Jan 2024 05:08:57 GMT",https://www.bbc.co.uk/news/world-asia-india-68027147?at_medium=RSS&at_campaign=KARANGA,Others
What Rahul Gandhi's march means for India election,"The Congress leader's cross-country march began with hope, but analysts doubt its electoral impact.","Mon, 15 Jan 2024 08:38:23 GMT",https://www.bbc.co.uk/news/world-asia-india-67911170?at_medium=RSS&at_campaign=KARANGA,Others
Agatha Christie: The Indian hotel murder that inspired the queen of crime,"The sensational case, which made global headlines, is said to have influenced Christie's first book.","Sat, 13 Jan 2024 22:26:16 GMT",https://www.bbc.co.uk/news/world-asia-india-67943375?at_medium=RSS&at_campaign=KARANGA,Others
Bengaluru: Why English is dividing people in India's Silicon Valley,Kannada-language protesters recently hit the headlines for tearing down English billboards in Bengaluru.,"Fri, 12 Jan 2024 00:20:40 GMT",https://www.bbc.co.uk/news/world-asia-india-67889621?at_medium=RSS&at_campaign=KARANGA,Terrorism
Bihar men conned by 'impregnating women' job scam,Scammers in Bihar state promised to pay huge sums of money to men to get childless women pregnant.,"Wed, 10 Jan 2024 00:00:22 GMT",https://www.bbc.co.uk/news/world-asia-india-67860456?at_medium=RSS&at_campaign=KARANGA,Others
Maldives: Maldivians debate India's 'boycott' of their nation,Tensions have escalated after three Maldivian ministers made derogatory comments about India's PM Modi.,"Thu, 11 Jan 2024 07:28:52 GMT",https://www.bbc.co.uk/news/world-asia-india-67942642?at_medium=RSS&at_campaign=KARANGA,Others
Plane gets jammed under bridge in India,The scrap fuselage was on its way to Assam from Mumbai on a lorry when it got stuck.,"Fri, 29 Dec 2023 23:17:00 GMT",https://www.bbc.co.uk/news/world-asia-india-67843833?at_medium=RSS&at_campaign=KARANGA,Others
Intruder jumps on table in Indian parliament,Lawmakers said two men jumped into the well of the house from the visitors' gallery.,"Wed, 13 Dec 2023 09:49:30 GMT",https://www.bbc.co.uk/news/world-asia-india-67700660?at_medium=RSS&at_campaign=KARANGA,Others
Moment worker is pulled from collapsed tunnel,Fourty-one Indian workers are finally rescued from a tunnel that partially caved in after a landslide.,"Tue, 28 Nov 2023 15:13:21 GMT",https://www.bbc.co.uk/news/world-asia-india-67552409?at_medium=RSS&at_campaign=KARANGA,Others
First video of trapped tunnel workers in India,Rescuers have shared a video of the 41 workers who have been trapped inside a tunnel since 12 November.,"Tue, 21 Nov 2023 05:58:33 GMT",https://www.bbc.co.uk/news/world-asia-india-67482786?at_medium=RSS&at_campaign=KARANGA,Others
Andhra Pradesh: Drone footage shows aftermath of deadly India train crash,"A preliminary investigation has found that ""human error"" led to the collision, officials say.","Mon, 30 Oct 2023 06:08:55 GMT",https://www.bbc.co.uk/news/world-asia-india-67258761?at_medium=RSS&at_campaign=KARANGA,Others
India flash floods: More than 100 missing in Sikkim state,Hundreds of search and rescue officers have been deployed across the state of Sikkim.,"Thu, 05 Oct 2023 07:25:09 GMT",https://www.bbc.co.uk/news/world-67015721?at_medium=RSS&at_campaign=KARANGA,Others
